ERG27	ACF2
FMP45	YJU3
MID2	EFR3
SFK1	MID2
RET2	EMP70
PHO88	SWP1
SIC1	YLR345W
HNT1	HNT1
SSD1	DBP1
SNQ2	SNQ2
NIS1	ERR1
RPA190	RPC40
MUP1	MUP1
PHO88	KRE27
REI1	LSG1
PMC1	MEH1
AKR1	NEO1
ERP1	EPT1
YPT10	GDI1
ARC19	ARC18
TGL4	ACF2
YGR054W	YGR054W
GGA2	INP53
CCW12	ORM2
MOT3	MOT3
EMP47	ERV41
UTP5	UTP8
ERP1	PHO88
TPO1	PDR5
HXT1	SNA3
INO1	ADE17
MOT2	JSN1
TCB3	FLC1
CPT1	RBD2
RVB1	PIH1
SFA1	YLR077W
ERP6	ERV25
HHT2	HHO1
TRP2	SEC27
IST1	IST1
UTP4	UTP18
VMA8	INO1
ERV29	PPZ1
DID4	DID4
HMG2	UME1
SEC27	SNC2
URA7	AAT2
YDR541C	ITC1
SDS23	QDR2
YBR296C-A	MAD2
SEC27	ACB1
QDR2	TCB3
RER2	PIS1
KRE27	RPB11
ARF1	BSC6
TMS1	ATG27
SPT16	YNR065C
ERG26	ERV25
SHO1	KEX1
SRO9	PUF4
TCB3	TCB3
ALO1	ADE17
TVP15	SEC27
OLE1	OLE1
KTI11	ELP2
GPA2	MEP3
RTN2	ERG11
VMA8	SNA3
ARC40	ARC18
HSP30	YGR130C
RIM1	FMP45
SEC27	SRV2
GPA2	TPO4
ERP1	RPB11
NSR1	DBP2
SFK1	PDR5
ABM1	ERR1
CDC36	NOT3
HNM1	TPO3
FTH1	KEX2
RSC58	ALG5
NOP16	BRX1
SNA3	PDR12
LOC1	UBP10
FTH1	COT1
GSY2	GSY2
SSD1	LSP1
SNA3	SEL1
NDE2	GGC1
KRE27	SOP4
CAF40	PUF2
ERV29	ERV25
UGA2	UGA2
RPN11	RPN8
VHT1	PDR12
SEC26	SNA3
KEX1	PEP8
RSC58	IDI1
ORM2	SWP1
SEC27	PRO2
ERG7	TGL1
MSC7	ERV25
ARO10	CAP2
DOP1	KEX1
YOR1	PDR12
DAM1	RTS3
VMA7	ACB1
CDC50	RGD2
PMC1	GTR2
YVH1	SFK1
KRE27	ORM2
NOT3	WHI3
YGR169C-A	LSP1
YCL021W-A	HIS2
CTR2	RBD2
SNA4	PMC1
MCK1	PEX11
TVP15	ATG27
ADE17	EFT1
GPX2	TPO3
SSD1	SSD1
YBL028C	EBP2
CWP2	ALO1
PHO88	COS1
COG3	COG3
FMP45	MEP1
YPT1	YOL125W
PCS60	PCS60
ERG25	PPZ1
RPB3	RPB11
SNA3	LCB1
HNM1	DIP5
ILM1	VHS3
ERP1	ORM2
MDM31	IDI1
SNA3	MEH1
NUM1	RAX2
RPT3	NAS6
RIM1	CDC39
PMC1	VPS68
YLR345W	TPS3
ITR1	YGR130C
SEC4	MRS6
FMP45	MSC3
YNK1	YNK1
TVP15	AKR1
GTT1	RBD2
YCR043C	SNA3
SLA1	SLA1
YPT32	ALO1
SDS24	SAP155
YNL313C	EFT1
HSP30	MID2
SLM1	SLM1
RVS167	VRP1
CAF17	YNL295W
HNM1	KEX1
PNO1	KEL3
ERV29	GOT1
FTH1	ATG27
FMP45	YLR326W
PHO13	URA4
DBP2	GIS2
ERG25	ERV25
FTH1	VMA7
FAT1	SLC1
SRO9	LSM4
SSH1	PIS1
GAR1	GAR1
CIC1	PWP1
SEC61	ERV25
MSC7	GOT1
VHT1	YLR413W
SYP1	PST2
RPB5	SPN1
CDC39	NOT5
EHT1	AYR1
GIN4	PDR12
BZZ1	VRP1
RPT5	RPT4
YBR296C-A	HPR5
ARC40	SAC6
KEX1	TVP38
FAA3	PDR12
SNA4	VPS35
VRP1	SLA2
AKR1	PIN2
ERP6	ERP4
WHI4	CAF40
STU1	NUF2
LYS20	LYS20
PLM2	HXT1
CYC7	URE2
TRP2	BNA3
APM3	APM3
FAT1	YEH1
UTP5	UTP15
DID2	SNF7
SIS2	PPZ1
PEP1	YMR010W
CDC39	PUF4
RPT6	RPT4
MUP1	SNA3
BNA3	SNC2
DNF1	SEC6
YAP3	SGD1
SFT2	EMP47
EDC2	DCP2
ITR1	MID2
RRP42	PRP43
MUP1	VHT1
ARF1	HXT1
PLM2	PPZ1
ERG11	MID2
GPA2	TPO2
SYP1	HNM1
ERG7	YJU3
FMP45	PST2
NUP60	KAP95
RIM1	DEF1
MUP1	YOR1
MID2	PIN2
RIX7	RIX7
UBP6	GAT2
SNM1	ERR1
PAT1	CDC36
ERV29	ERP4
SYP1	WSC2
VMA21	PKR1
DEF1	DCP2
HMF1	RPA34
CHS3	KEX1
NOP6	UBP10
PRO3	SEC27
SLY1	SNA3
LAS17	LAS17
GET3	GET1
FET3	SWP1
FLC2	KEX1
PLM2	PDR12
YBL029C-A	FMP45
GGA2	APL4
SOD2	YNL295W
ARF1	YMR010W
HSP30	CTR1
WHI3	DED1
SHR3	HIP1
LSM4	GIS2
RIM1	SFK1
DMA2	ERR1
VMA21	YGR106C
UTP7	SOF1
CCR4	NOT5
SSH1	SRP14
CIN8	MXR1
UTP4	UTP10
FMP45	HNM1
RAD30	HLJ1
YBR296C-A	BRX1
VHT1	TCB3
PUB1	WHI3
TWF1	SRV2
INO1	GCY1
CDC39	CAF40
ORM2	NDC1
YBL039W-A	UIP4
YGR054W	BRE5
HXT1	HXT2
PSA1	YGR130C
DIP5	DIP5
FTR1	YLR326W
KEX1	SMI1
HXT5	PDR12
TPO1	MSC3
KEX1	FLC1
ARF1	ERV25
YOR1	TCB3
MID2	WSC3
FPS1	PPZ1
FMP45	WSC2
YCR043C	LPP1
SSD1	INO1
OSH7	MID2
GDH2	DNM1
SPL2	YOL138C
SFT2	FET5
VMA8	VMA21
DHH1	DED1
DHH1	LSM6
HUG1	PGM2
ERV25	ERG5
HPC2	DBP3
RPB5	SUA7
ERP1	CBR1
PUF4	DEF1
ERV25	PKR1
FMP45	MDG1
PET191	SLK19
YBR053C	YRF1-6
CTR2	ATG27
TPO1	YLR326W
MEP1	SFK1
YKE2	GIM3
CDC39	LSM4
GPX2	FMP45
HXT1	PDR12
KRE27	SCS7
PAT1	DHH1
CKB1	CKA2
PEX29	YLR089C
KEX1	KEX1
CSG2	SHR3
YGR130C	TPO4
DHH1	PUB1
GID7	GID7
NUP157	NUP100
XPT1	XPT1
FLC2	SYP1
DIP2	UBP10
COG3	SNA3
SSD1	MPT5
VMA8	ADE17
PMC1	YMR221C
GPA2	YGR130C
FTH1	VAC8
SFK1	MSC3
RVS161	RVS167
ERP1	SCS7
VMA21	ERV25
PLM2	YLR413W
UTP4	UTP8
SLY1	COG4
STE2	SEC6
PPZ1	PDR12
GIS2	DBP1
SLM4	GTR1
MYO4	SHE2
VAM7	PEP5
LCD1	KRE27
BRE1	SPP382
PUF3	PUB1
AKR1	CTR2
MAM33	SLM1
RET2	RBD2
TVP15	KRE27
PEP8	VPS5
SEC27	RBD2
DEF1	CPR6
SPC2	SWP1
PST2	FTR1
UTP5	YIL127C
PEX14	PEX11
ERV25	PPZ1
NIC96	NDC1
SHR3	SWP1
SFK1	YLR326W
HNM1	DUR3
SYP1	FLC1
RER2	SNA3
ARF1	GOT1
SGD1	RRP9
SHR3	KRE27
RTT103	YIL127C
VMA8	GTR1
RBS1	YOL138C
DYN3	PDR12
SNA3	ACF2
SLM4	MEH1
VMA6	VPH1
CCR4	CAF40
FLC2	FMP45
YBR296C-A	MNS1
ERG11	SWP1
SKI8	ADE17
PEX7	DEF1
VMA7	VPH1
VRP1	END3
WTM2	WTM2
YBL029C-A	FTR1
SUS1	YOL138C
SNQ2	PLM2
ERG11	KRE27
PLM2	MUP1
DEF1	CAF40
YHR122W	MET18
VPS35	MVP1
PWP2	UTP21
RIM1	BUL1
YDR119W	PMC1
PHO88	PIS1
SYP1	SYP1
PEP1	VPS68
RPN5	RPN11
SHS1	SHS1
SEC26	SUR1
ARC35	LSP1
VMA8	MEH1
SDS24	ALG7
ERS1	RBD2
ATG27	RBD2
ERP1	ERG11
FTR1	HNM1
MID2	MEP3
EDC2	DCP1
YBL029C-A	TPO1
VPS64	SPO19
MID2	TPO4
SEC27	SSL2
PHO88	YKL088W
NPA3	RPB2
ARP2	LAS17
SNA4	YBT1
FMP45	FLC1
ERV41	ERV41
VMA8	RAV1
TVP15	MRL1
YCR043C	YMR010W
PEX29	SRL2
CYC7	DBP3
CDC39	MOT2
EHT1	INO1
LSM4	DEF1
GPA2	MID2
SNQ2	HXT5
PWP1	DBP2
AAT2	PEX11
MUP1	HXT5
PXR1	GAR1
WHI3	SCD6
RFS1	ENA2
PST2	SFK1
CCT6	STU2
MEH1	GTR1
AKR1	RBD2
HNM1	TPO1
HSP42	PEX11
TFC7	IDI1
CTK1	PWP1
ASF2	SUT1
PHO13	ADE17
NOP10	DBP2
DST1	RPB9
COS12	YCS4
SYF2	PIN2
MYO4	SHE3
PLM2	TCB3
EHT1	SNA3
ARF1	VPS68
FMP45	FMP45
PWP1	RLP7
SNQ2	HXT1
SLA1	ARC40
LSM2	CDC39
EHT1	ALO1
MUP1	HXT1
RDI1	TPO3
LYS21	LYS20
APL2	APM1
BBC1	BBC1
APL6	APL6
YBL029C-A	SFK1
VPS60	VTA1
UTP4	ESF1
SEC6	MSO1
GIS2	GIS2
UBP10	RRP9
SAM35	ALO1
DRS2	CHS3
SHR3	YMD8
FMP45	ARF3
FTH1	MRL1
EFT2	DPH5
SWR1	MSH2
HSL1	HSL1
GIR2	VMA22
PEX19	PEX11
SWP1	CPT1
SNA4	HXT1
CHC1	INO1
UGA2	VPS21
YSC84	YSC84
DHH1	SCD6
SAC6	ARC15
CKB2	CKA2
MUP1	HXT2
UTR1	TIR4
RPB9	HHT2
SSH1	ERV29
MUP1	PPZ1
ERV25	GOT1
LSG1	TIF6
NST1	CAF40
ARL1	DOP1
NHP10	NHP10
HNM1	SFK1
PRP43	NOP10
TCB3	TCB1
LSG1	YVH1
RPB5	IFH1
HXT5	TCB3
EXO84	SEC10
YGL108C	MUP1
ARO10	KRE27
DEF1	HCH1
KEL1	SPA2
PEX29	SOD2
MUP1	YMR010W
FUI1	YGR130C
OLE1	ERG5
SLY1	HXT1
WBP1	ORM2
DOS2	DOS2
MYO4	MYO4
FTH1	EMP47
ERP1	CPT1
SFB3	SEC24
KEX1	GEF1
PHO88	PHO88
PEX14	PEX14
SFK1	WSC2
RGD2	PIN2
DHH1	EDC3
SSD1	PLM2
ERJ5	ADH4
DRS2	SMI1
AUR1	YMR010W
ARC19	LAS17
SNQ2	PDR12
MVP1	VPS17
MYO1	ERG5
SNA4	VMA8
MUP1	PDR12
FLC2	FTR1
ADK1	INO1
MUP1	DYN3
FPR4	NOC2
PEX14	PEX6
SDS23	HXT1
CCR4	MOT2
HXT1	TCB3
DCW1	SWP1
CDC39	CDC39
ERG7	ERG27
SOF1	UBP10
CHC1	STI1
VPS29	VPS29
IKI1	IKI3
KEX1	SNX3
REI1	YVH1
ACB1	HUG1
ADE16	LSP1
GPX2	SFK1
MID2	RSN1
ECM13	KRE9
MET8	MET8
MOT2	DEF1
YCR043C	GOT1
SLF1	DEF1
DPP1	DPP1
RFS1	PST2
SUR2	PPZ1
GLO3	RBD2
MAD2	PDR12
RPN3	MND2
PLM2	YGR169C-A
AAT2	LSP1
SEC26	AUR1
TCB3	HXT2
ATG27	COT1
SFT2	YBR241C
SNA4	GTR1
DBP3	PWP1
NET1	RPO26
OLE1	PPZ1
TOM20	VMA22
YVH1	GTT1
BEM1	KEL2
HFM1	URE2
FTR1	FLC1
HHT2	HHT2
ADE16	ADE16
SYP1	ENT2
EDC2	LSP1
SSH1	ERG25
RTS3	DYN3
CDD1	CDD1
ARC40	LAS17
SEC4	PEX11
MYO5	MYO5
PEX3	PEX11
EXO84	EXO84
FAA3	TPO3
GTR2	MEH1
GSY2	ADE17
SDS23	PDR12
SEC7	SMI1
NOP6	DBP2
ERV25	ERP4
HEM2	HEM2
PIG1	ERR1
TCB3	PDR12
RPN9	RPN8
SNA4	MEH1
PST2	YJL016W
ERP1	SEY1
TPO2	MID2
SUR2	ERV25
NMD3	TIF6
PSK1	MMP1
NUP82	NUP116
RPB5	TAF14
RRP4	SKI3
RFS1	HNM1
FLC2	SFK1
SRO9	MPT5
SNF7	SNF7
FTH1	FET5
GTT1	SWP1
RPB5	RPB2
VPS5	VPS5
OLE1	ERV25
SCT1	RER2
PEX14	PEX17
PEX19	PEX25
AKR1	RET2
HUG1	SLA2
MUP1	YLR413W
RPB2	SPN1
QDR2	TPO1
FAT1	TGL1
PIN4	CAF40
ARP2	ARC35
RFS1	WSC2
SEC7	SEC7
YBR053C	GRX3
IKI1	IKI1
PRS3	PRS3
ORM2	ORM2
SSE2	LSP1
SIC1	RHO5
KEX1	BSC6
TPO1	TPO1
YHR003C	UIP4
YBR296C-A	PDC5
COG3	YMR010W
GCD2	GCD7
DRE2	TAH18
ERP1	GTT1
HSE1	VPS27
IMD3	IMD4
APL2	INP53
ERP1	VHS3
KEX1	CHS7
MOT2	NST1
SFT2	SFT2
ILM1	SWP1
YBL029C-A	HSP30
RFS1	GPX2
DEF1	DEF1
NSA2	CGR1
SFK1	FLC1
SLC1	YJU3
ERV29	ERV41
DPP1	PMC1
INP51	YOR316C-A
VMA7	VMA6
PGM2	PGM2
MUP1	LYP1
TVP15	DOP1
PHO88	DAL5
KRE27	STE24
PPZ2	YKL088W
YLR022C	YLR022C
YGR250C	CPR6
SRO9	BRE5
SNQ2	MUP1
QDR2	SFK1
HSP30	HNM1
AKR1	ATG27
PEP1	CHC1
BAP2	ARF1
YPI1	SDS22
SDS23	YLR413W
TPO2	PDR5
APS1	APL4
PEX13	PEX11
SFK1	SFK1
YLR413W	TCB3
ARC18	LAS17
ARF1	TPO3
QNS1	QNS1
RIM1	WHI3
SLM1	PDR12
NCR1	SRO7
RPB5	RPA135
SFK1	ARF3
TGL1	YIM1
SNA4	GTR2
DNF1	KEX1
HXT5	TPO3
UBP10	NOC2
RFS1	AGP2
FMP45	VHT1
ACF2	SEL1
URA2	STI1
FTH1	DOP1
ITC1	NAB3
REG1	ADE16
VMA13	VMA13
MUM2	MUM2
TVP15	HNM1
PBP1	LSM12
PEX3	PEX25
CAF17	YNR075C-A
PLM2	DIP5
CHC1	ARC18
TMS1	PIS1
ARC19	ARC35
ERG7	ERG7
PEP1	KEX1
HTZ1	NHP6A
RIM1	TPO4
PRE7	TAF14
VPS29	VPS35
BAP2	HXT1
KRE27	PHO86
PUP2	PRE10
GPM2	YRA2
GDH2	PEX11
SNQ2	SDS23
HXT1	TPO3
SDS23	MUP1
SNQ2	TCB3
RIM1	GPA2
MUP1	TCB3
SPA2	SPA2
YCL056C	MSH3
PRS2	PRS2
SYF1	HKR1
ITR1	HNM1
TVP15	TVP38
TCM10	TFC7
SFT2	PMC1
SCS7	ALG5
PRS4	PRS1
EHT1	PPZ1
PLM2	KEX1
VAC8	COT1
HNM1	ERG11
ELP2	ELP4
DHH1	DCP2
APC11	SMY1
HXT5	DIP5
YCL021W-A	SIR1
FAT1	YJU3
NUP85	NUP120
ARP2	MYO5
EHT1	VMA8
ARP2	YDR063W
PIN4	MOT2
RET3	RBD2
PST2	THI7
CDC39	MPT5
YKL088W	SCS7
RFS1	QDR2
MEP1	MEP3
ARF1	KEX1
SYG1	SYG1
GIS2	BRE5
PST2	OSH7
ARC40	ARC35
MSH4	ASP3-4
SRO9	SGN1
PUF4	WHI3
ATS1	TRP4
SYP1	DNF1
EMP47	RBD2
COS8	ERG11
PSA1	TSR2
HXT1	DIP5
GPA2	MEP1
INO1	AAT2
RFC2	RFC3
RAD51	RAD51
SDS23	TCB3
PRS5	PRS5
VPS35	VPS5
SHR3	PIS1
BAP2	ERV25
ARC40	BBC1
ERG11	NCP1
NOC2	HHO1
SEC27	DNM1
RIM1	NOT3
SSD1	YGR054W
PMC1	VMA13
NOP6	IDI1
CDC39	POP2
ERG26	ORM2
WBP1	ERG11
URA7	SEC27
HSP30	FLC1
KEX1	HXT1
ERG11	PIS1
CDC36	CAF40
PHO88	ERG25
DHH1	PUF4
PBP1	DEF1
HNM1	WSC3
ERV46	ERV41
HNM1	OSH7
ARP2	PGM2
SVF1	SPT16
MUP1	SLM1
SLY1	COG3
GPA2	YLR326W
SSH1	ERV25
YIR003W	BBC1
ERG11	YKL088W
VAC8	VMA7
PDR12	DIP5
KEX1	HXT2
ASP1	ASP1
REB1	NTF2
VPS29	VPS17
GAR1	HAS1
WSC2	WSC3
ERV46	SPC1
IML2	ALO1
GND2	GND2
OSH7	WSC2
FLC2	ITR1
HSP30	HSP30
PEP1	ATG20
MET3	MET3
GDI1	HNM1
ARC19	MYO5
KEX1	YMR010W
ERG11	ERG3
SWP1	YDC1
FTR1	YOR1
NOT3	NOT5
ERP1	RET2
WHI3	CAF40
FMP45	FCY2
CKB1	CKA1
YBR296C-A	BIM1
MSC7	ORM2
GIR2	GCN1
VAC8	PIB2
AUA1	ARG81
CHS3	PIN2
FLC2	PIN2
ARC18	ARC35
KEX1	PDR12
GDH2	GDH2
MYO2	MYO2
MPT5	DEF1
SWI4	STB5
YBL039W-A	ALO1
SEC26	KEX1
DPH1	JJJ3
BSC2	YNR075C-A
CNB1	CMP2
ALO1	PGM2
MAM33	SFK1
ARC15	LAS17
RPA49	RPA49
ITR1	FLC1
ITR1	LSP1
RIM1	TPO2
CAX4	CAX4
TVP15	TVP15
PST2	MEP3
LSM4	WHI3
SNU56	NUF2
NAP1	RIM11
PST2	TPO4
PRP9	ELM1
YNL247W	YNL247W
ERG11	FLC1
APL2	APL4
SRV2	SRV2
IMD4	IMD4
SNT1	SEC6
CNS1	HGH1
DHH1	CAF40
IPI3	NAB3
PST2	GPA2
USO1	GRH1
GAR1	RPA190
HSP10	TFC7
SMI1	PIN2
SHR3	SHR3
RPT4	VPH1
PHO88	FCY2
ARC40	MYO5
YPT31	ALO1
SSH1	GOT1
VPS5	VPS17
RVS167	RVS167
EMP47	COT1
RER2	GPT2
ERG4	YLR077W
VHT1	SFK1
FMP45	HXT5
RPN5	RPN9
ITR1	ITR1
COG3	COG6
DEF1	POP2
DRS2	DNF1
SNQ2	TPO3
KTI11	SIC1
RET2	RET3
PRP43	YMR269W
EFT2	LSP1
MUP1	TPO3
TMS1	PMC1
ADH4	ARF3
ERG11	ERG11
SEC4	GYL1
FLC2	WSC3
SRP14	ERG11
ERG25	ORM2
SEC27	RET3
GAR1	RPA43
PRO2	PRO2
YOR1	SFK1
YBL029C-A	GPA2
SNA3	VMA13
DHH1	LSM4
SUT1	MLH2
EMP47	RET2
FTH1	FTH1
USO1	IDI1
UFD1	SEL1
UFD4	TPO1
PLM2	RCK2
ARF1	EPT1
ERG7	SNA3
HNM1	MEP3
YBL029C-A	HYR1
HNM1	TPO4
FMP45	HXT1
NET1	RPC40
SYP1	PDR12
CDC11	CDC11
EFT2	DPH2
KAP95	NUP1
DHH1	DCP1
GPA2	HNM1
NHP2	DBP2
CDC36	MOT2
SEC4	ALO1
KEX1	YLR413W
GAL80	GAL80
LYP1	DIP5
ADE17	SOL1
YBR255C-A	MNS1
SUS1	YOR296W
NOT3	CAF40
VPS15	DAK2
FMP45	HXT2
OSH7	FLC1
SEC21	RBD2
NAP1	NAP1
CIC1	UBP10
GCN3	GCD7
SNQ2	DIP5
GPA2	WSC2
ARC40	PGM2
MUP1	DIP5
PFK26	YOR296W
FMP45	YGL108C
SEC26	ERV41
COX7	NAB3
SDS23	TPO3
RFS1	MAM33
YER113C	RBD2
RIM1	PUB1
SEC7	DNF1
YEH1	ERG27
TCB3	TPO3
CDC39	LSM3
TVP15	PMC1
ADE17	GIS2
GET3	VMA5
SEY1	PIS1
PEP1	VPS5
GTT1	PEX11
FCY2	SOP4
ORM2	DFG5
MOT2	WHI3
EMP47	ATG27
SOF1	UTP14
PAT1	DCP2
PHO88	HXT1
HYR1	PEX11
NHP2	PRP43
SSH1	ERP4
FMP45	PDR12
RIM1	YGR130C
SNA3	KES1
SEC27	SIS1
ARC18	MYO5
PRP43	BCY1
ALO1	KES1
BCY1	TPK1
KEX1	MUP1
GCN1	TPM2
MED6	KRE27
RCN1	CNB1
NST1	POP2
TPD3	ARF3
RFS1	VHT1
CKA1	CKB2
PLM2	ARB1
HNM1	RBD2
CPT1	CPT1
RIM1	PEX10
GLR1	GLR1
NIC96	NUP49
TPD3	VMA5
KEX1	AUR1
RFS1	YOR1
USO1	USO1
DBP2	NOC2
DOS2	YMR010W
REI1	RIM11
FTH1	PMC1
SDS23	DIP5
BEM1	BEM1
DHH1	MOT2
PLM2	TPO1
TCB3	DIP5
CCW12	SWP1
YVH1	TIF6
PXR1	NOP10
UTP20	SNU114
VMA5	GLR1
NHA1	PPZ1
TVP38	RBD2
NCP1	STE24
YKL088W	VHS3
FTR1	HXT5
HSE1	HSE1
FAT1	ERG27
CWH41	HUG1
DOP1	TPO2
GDI1	YPT1
EPT1	ERV25
NKP2	IMD4
FLC2	GPA2
HMG2	HMG2
ERG11	DAL5
SRO9	YGR054W
YJL207C	APL4
FUN14	UIP4
GRH1	RBD2
PUF4	PUB1
ERV29	SCS7
SLC1	AYR1
GLO2	HSV2
PHO88	ERV25
ARF2	TVP15
HSP30	SNA3
RRP5	BRX1
PWP2	DIP2
SFT2	ARF1
RER2	EHT1
EBP2	RRS1
LSB3	CUE5
HXT5	TPO1
ATG20	SNX4
ADE16	ADE17
FTR1	HXT1
CCR4	LSM3
FLC2	CHS1
MSC7	SCS7
FLC1	MEP3
EHT1	ACF2
TPO4	FLC1
TPO4	LSP1
PLM2	SFK1
PRO3	PRO3
EXO84	SEC8
INO1	SRV2
VMA8	ADE16
FTH1	YDR352W
WHI3	WHI3
KRE27	RPB2
RIM1	MID2
TSA2	YJR085C
DEF1	LSM3
ARC15	BBC1
GPA2	FLC1
ALO1	SNC2
SEY1	SEY1
NUG1	CGR1
ACB1	ALO1
CTR2	CTR2
MOT2	NOT3
NNF1	PDE2
YCR043C	EPT1
HXT1	TPO1
HNM1	TPO2
SIT4	SAP155
EMP70	BSC6
SFT2	YML018C
FTH1	VPS35
MEP3	MEP3
GAR1	BRX1
SLA1	CHC1
APL4	APL4
RPN6	RPN9
RIM1	RPC25
YMR010W	VPS5
SRL2	YOL138C
RPT2	RPN1
HXT5	SFK1
VPS24	VPS24
CST6	IDI1
LRP1	GAR1
KRE27	SWP1
DHH1	DHH1
FTR1	PDR12
FMP45	SNQ2
SOP4	PDR12
PPZ2	SIS2
LSM2	NOT3
ERV29	ERG11
KEX1	COG6
RIM1	SCD6
FMP45	MUP1
EBP2	BRX1
PHO88	GOT1
PEP1	ENT3
PRE9	PRE10
KAR2	ALG12
SDS22	SIC1
EFT2	INO1
DEF1	ADE17
KTI11	ELP3
RPN1	RPT5
DCP2	SCD6
UBP6	RSC58
ERP1	SWP1
HXT1	SFK1
PAN5	PAN5
ARC19	SRV2
PGM2	ADE17
PHO88	LAC1
PRE9	PRE8
MMS2	SIP5
BOI1	BEM1
TPO1	PDR12
YNR065C	YDC1
LSM4	DED1
ERP1	KRE27
MCD4	ERV25
ENA2	MID2
LSM6	LSM4
YBR296C-A	MSB2
YGR054W	GIS2
VMA8	PGM2
TUP1	SOR2
SRO9	SSD1
RPB3	RPB2
GPR1	YDC1
ILM1	ILM1
YOR1	ERG11
PST2	YGR130C
RPB2	RPO26
FAT1	AYR1
PAT1	LSM4
ORM2	ERV25
PPZ1	EFR3
SFK1	PPZ1
YGR106C	VMA13
ARC40	TRP2
PRS2	PRS1
LSM4	PUB1
EDC3	DCP2
VMA21	VMA13
PLM2	KES1
YGL108C	SFK1
ARC40	SNC2
TPC1	MSH2
RBD2	RBD2
ARC40	ACB1
PPZ1	URA5
ERG25	SPC2
FMP45	TCB3
PMC1	CTR2
DOS2	AUR1
PEX4	PEX11
SEC4	HXT1
ARC15	MYO5
SWH1	TVP15
YHR003C	ALO1
SFK1	PDR12
ARC19	SLA2
ERV29	ERP5
ARC40	SRV2
OSH2	MYO5
ERG25	ERG11
FTR1	YLR413W
BAP2	DIP5
SNQ2	DUR3
HNM1	YGR130C
PSA1	MAL13
MUP1	DUR3
ARO80	MTD1
NSR1	GAR1
VID24	YGR054W
FAT1	FAT1
ARC40	RVS167
PHO86	YMR134W
PRS1	PRS5
DBP2	UBP10
SFT2	YCR043C
RPT1	RPT4
EBP2	NOP4
PHO88	SUR2
YLL016W	MSH2
DED1	DBP1
CHS3	KEX2
YOR1	OSH7
TPO1	YLR413W
ARF1	EMP70
RFS1	HXT1
PHO88	OLE1
YCR095C	YHL029C
CAP2	CAP2
NOP7	PWP1
RLP7	UBP10
GCD2	GCN3
NCB2	BUR6
PMC1	VPH1
CPR4	SWP1
PEP1	TVP15
PUB1	DBP1
PST2	MID2
SFT2	GOT1
YDC1	ALG5
ARC40	SLA2
GLG1	GSY2
STF2	SSL2
PEX10	PEX11
BCY1	BCY1
FTH1	YDL199C
FTR1	MUP1
COG2	ABM1
ARF1	CPR8
CHS3	RET2
GLE1	GLE1
YDR412W	URE2
PAT1	MOT2
SDS23	DUR3
SEC61	SEC62
CYR1	CYR1
SMI1	KEX2
KEX2	FLC1
DUR3	TCB3
HSP30	HXT5
TVP15	PLM2
MSP1	MSP1
FTH1	DNF1
SMI1	GGA2
YBR241C	YDC1
DNF1	PIN2
AKR1	TVP38
CIC1	DBP2
SNA4	VPS5
SFK1	YLR413W
SNQ2	TPO1
NUP49	KAP95
GIN4	NAP1
FMP45	SLM1
URA4	TOP2
MUP1	TPO1
HHF1	HHT2
SWP1	UIP4
TVP15	YBT1
HHF1	HHF2
DHH1	PBP1
ARC18	SRV2
RPN3	YPK1
ERV29	SEY1
SRV2	YVC1
HSV2	CAP2
PEP1	FTH1
ERG11	SIS2
TPS3	TPS3
HNM1	MID2
ARF1	TVP15
LSM2	PUB1
HSP30	HXT1
RTN2	RTN2
RAV2	VMA5
SEC27	SMI1
SEC27	LSP1
DID4	SNF7
ITR1	PLM2
SNA3	VPS66
NUP145	NUP85
COT1	COT1
STI1	SGT1
GAR1	GIS2
RPN5	RPN8
NOP10	RPA34
UTP5	UTP9
ERP1	UIP4
YGR250C	SGN1
EMP70	YMR010W
LSM4	SCD6
CIC1	NOP15
MID2	WSC2
FTR1	TCB3
YFL040W	THI22
MMS2	YNR065C
RGA2	RGA2
ORM2	ERP4
RIM1	YRF1-6
RPN3	MPT5
HSP30	PPZ1
SNQ2	SFK1
SLC1	SNA3
TAF13	TAF14
SYP1	LAS17
ERV29	GTT1
MUP1	SFK1
SUR2	ORM2
MCR1	ALO1
VTA1	VPS4
FTH1	YBT1
EBP2	GIS2
ARC40	ARK1
YMR010W	CPR8
TVP15	YML018C
GAR1	UTP23
YBR241C	AKR1
GTT1	SNA3
TVP15	HXT1
TSC10	SNA3
TPO1	TCB3
YOR1	MEP3
DHH1	MPT5
WHI3	POP2
GTT1	ALO1
ARC18	SLA2
EDC3	LSM4
YOR1	TPO4
MSC7	VHS3
SNU114	UTP23
SRP40	DBP2
SCS7	TGL5
YGR130C	LSP1
HYR1	ALO1
ADE17	SNC2
ERG11	ERG5
CBR1	ERV25
ERG11	PKR1
ACB1	ADE17
FRM2	PUB1
UTP5	STE12
HSP30	PDR12
GPA2	YOR1
VPS60	VPS60
VMA8	SNC2
HUG1	SKI3
DHH1	NAM7
VMA8	ACB1
ARC35	LAS17
GRE3	GRE3
DUR3	SLM1
FMP45	TPO3
SNA4	VMA13
ADE17	YNL247W
YGR277C	KES1
HNM1	PDR5
TVP15	YMR010W
ERG11	HXT1
FLC2	GAS1
VMA21	ERG11
ERV25	SCS7
SIT4	IKI3
SHR3	PPZ1
KRE27	MUK1
FTH1	YML018C
MXR1	YRF1-4
SDS23	SFK1
FTH1	HXT1
ENP1	SLX9
ATG27	ATG27
SFK1	TCB3
SEC26	ACB1
FYV4	SMD2
DNF2	MID2
GPI17	LAC1
RTT103	BRX1
PEX11	ANT1
RPA14	RPA14
HEM12	HEM12
ERG11	PPZ1
GDI1	VPS21
YSC84	LAS17
TVP15	SEC26
YJL068C	YJL068C
PMC1	COT1
VRP1	VRP1
ITR1	YMR010W
RPB5	YKE2
RIM1	NOT5
GDI1	YPT6
NUP57	NUP2
HNM1	YVH1
YBP1	YAP1
RPA49	NHP6A
SAC6	SRV2
CDC24	BEM1
VMA5	VMA6
AKR1	AKR1
SSD1	PGM2
PHO88	TPO3
VMA7	VMA5
ABF2	MLH1
FLC2	CHS5
FTH1	VMA8
YMR010W	PIN2
ITR1	PDR12
RFS1	MUP1
YCR043C	SCS7
YDR541C	LAC1
SSL2	INO1
SHR3	ERV25
FAT1	SNA3
HHF1	HIF1
SMI1	MID2
MID2	LSP1
PXR1	YMR269W
SNA4	KES1
YVH1	PEX11
YJL207C	CHS5
ERG25	ILM1
CBF1	CBF1
ERG11	ERV25
ALG7	ADE4
ALG14	CAX4
NOT3	POP2
HNM1	SWP1
PHO88	SSH1
SSE2	HRR25
QDR2	MID2
RIM1	YLR326W
HSP30	OSH6
YCR043C	TVP15
UTP8	UTP15
SSL2	ALO1
SMI1	CHS5
ERG25	RBD2
ERG11	NDI1
MID2	MID2
UBC13	MMS2
KEL2	KEL1
COS4	ERV25
PEX15	PEX11
SEC18	SEC27
EFT2	YNL313C
SEN54	ROX1
IPI3	ALG5
ALG7	RPB2
SYP1	SHS1
BNA3	LSP1
MAK21	EBP2
SSS1	SIC1
RBD2	COG4
RFS1	SDS23
PMC1	ATG27
SLM1	SFK1
YBR296C-A	YKL037W
TPD3	TGL5
RFS1	TCB3
ARC15	SRV2
AYR1	TGL1
FTH1	MEH1
HSP30	SNQ2
PPZ1	CPT1
YDR034W-B	TPO1
SEC5	SEC6
PMC1	VMA7
NUP82	NUP82
MYO5	LAS17
UBP6	ERF2
CHS5	CHS5
PLM2	MEP3
MSP1	ALO1
BAP2	SOP4
PLM2	TPO4
SEC21	RET3
HNM1	YJU3
WSC3	PDR12
FTR1	TPO3
ELP6	ELP4
AUR1	CPR8
SRO9	GIS2
SNA3	YIM1
OSH7	PDR12
RPN6	RPN8
CDC50	KEX1
ERV15	SPT16
SQT1	TIF6
NHP2	PXR1
ERG25	PHO86
RPT2	RPT5
GTT3	GTT3
RIM1	CAF40
UBP10	UBP10
SWP1	ALG5
YCR043C	COS4
RER2	ERG7
ERP5	ERV25
SEC27	INO1
KRE27	PIS1
TPO1	TPO3
GPR1	URE2
ERG7	ACF2
PWP1	RRP5
DCP2	CAF40
DPP1	KEX1
ERG11	OSH6
CKB1	CKB2
QDR2	PDR5
RIM1	MDM32
SPC1	ERV41
HXT5	MEP3
ERG11	LAC1
ERV25	CPT1
YKL088W	SWP1
RET2	ERV29
YBL039W-A	EHT1
KEX1	DUR3
ARC15	SLA2
ERP1	WBP1
TGL1	TGL1
RPT2	RPT6
ADE17	CAF20
DRS2	KEX1
LOC1	GAR1
ERP1	ALG5
ERP1	PIS1
PDR5	PDR5
RET2	SNA3
RIM1	LSM4
YBL039W-A	SAM35
ARC40	SSL2
HSP30	TCB3
ARC40	CAP2
SHE3	TPM2
RIB5	RIB5
LPP1	RBD2
SEC27	SNA3
CDC39	LSM8
ADE4	ADE4
DHH1	LSM3
TWF1	TWF1
VHS2	YKL088W
SSH1	ORM2
FMP45	SKG1
ITR1	MUP1
LSM4	DCP2
CAF40	NOT5
LOC1	EBP2
TVP15	VPS68
RPT6	RPT5
GPI13	ORM2
PCK1	PCK1
COX7	IDI1
TVP15	SLY1
AYR1	SWP1
GAR1	PWP1
ARP2	VRP1
PRP43	DBP2
SFK1	TPO3
RIM1	HNM1
PST2	MEP1
CUE5	CUE5
AFG2	AFG2
CIC1	CIC1
TPO1	DIP5
SFB3	RBD2
CTR1	CTR1
RFS1	SLM1
HXT1	GTT1
ATG27	SNX3
MPT5	PUB1
ELP2	IKI1
FTR1	KEX1
GRE3	ALO1
PPZ1	MEP3
CAP2	YIR003W
FTH1	GTR2
PPZ1	TPO4
NOP10	GAR1
FTH1	SNA4
ARF1	RBD2
PSA1	SEC26
AKR1	GEF1
DNM1	DNM1
YIH1	GCN1
GDI1	YPT32
PUF4	CAF40
ERP1	AYR1
UBC13	COX7
YMR221C	VMA13
EBP2	PWP1
BRE1	PWP1
SHR3	SUR2
RPB5	ERG5
PTC3	PAA1
TPM2	TPM2
BCY1	RNT1
EHT1	ERG7
SEC27	YNL274C
SKI8	RRP4
YBR296C-A	ABM1
SEC7	KEX1
YGR106C	VPH1
VHT1	YGR130C
OSH7	OSH6
GRH1	URE2
PPZ1	VHS3
GPA2	YGL108C
VMA21	VPH1
VMA7	SNA3
RPT3	RPT5
FUN14	ALO1
HYR1	ADE17
PHO88	SPC1
ERV25	SEY1
SUR2	ERG11
PDR12	MEP3
CDC39	WHI4
NUP159	NUP116
TPO4	PDR12
ITR1	TCB3
LSB3	LSB3
PST2	YLR326W
SFT2	KEX1
YGR054W	NAP1
BRE5	DED1
YGR106C	YNL190W
HNM1	MEP1
OLE1	ERG11
LSM4	PUF4
GPA2	PDR12
LOC1	BRX1
KRE27	KRE27
RPB5	ERG13
YML018C	RBD2
MUP1	WSC3
RPT3	RPT6
MUP1	OSH7
NUP82	NUP85
SYP1	MYO5
HYR1	PDR12
VMA8	VPH1
STE24	PPZ1
ALO1	TOM70
TVP15	COG3
HNM1	MSC3
YBR241C	EMP47
ERP1	ERP1
CIT2	CIT2
HNT2	HNT2
NSP1	NUP2
GPI8	GPI16
GTT1	ERV25
LAG1	LAC1
PTC3	YGR205W
ERV25	VHS3
PWP1	BRX1
PLM2	TPO2
EHT1	KES1
ARC19	VRP1
SPT16	PWP1
SRO9	DEF1
MAM33	MID2
FMP45	DUR3
VAC8	PMC1
YMR010W	RBD2
HNM1	YLR326W
PEP1	GGA2
BCY1	SOK2
ATG27	VPS17
DPH5	DPH5
SKI3	SKI3
PRS4	PRS2
GIR2	RBG2
UBC13	SIP5
PET191	YRR1
GOT1	SEY1
RIB1	RIB1
VHT1	MID2
PAC10	GIM5
YBR255C-A	MSB2
BNA3	INO1
OAC1	TOM70
TCB3	WSC3
DNF1	YAP1802
ARC40	PRK1
TPO2	HXT5
RPB5	NHP6A
OSH7	TCB3
MOT2	NOT5
AKR1	BSC6
BBC1	MYO5
SEC26	RBD2
RPN3	YMR293C
YLR413W	MEP3
LSM4	CAF40
YOR1	MID2
YDL203C	ROM2
ERV25	RBD2
LSB3	INP52
NDC1	PIS1
QDR3	PDR12
SCL1	PRE10
FMP45	FTR1
YCL021W-A	ITC1
HMG2	HMG1
YBL029C-A	PST2
GPA2	YLR413W
RPA34	YMR269W
YGR054W	CAF20
ARC40	VRP1
NSP1	NUP82
PRO1	PRO1
OSH6	TPO4
SPC1	ORM2
SCL1	PRE8
PLM2	RET2
TPO2	HXT1
PLM2	SEC27
ERG11	ACF2
NUP49	NUP2
SWP1	KRE1
SYP1	SFK1
GAD1	GAD1
GPA2	OSH6
RGD2	RGD2
DLD3	LSP1
FMP45	TPO1
SLA1	SLA2
DOP1	HNM1
GIR2	ISR1
SEC27	ARC18
PST2	HNM1
YLR257W	YLR345W
PRP5	FYV4
YPT52	MRS6
PGM2	ARC35
GCD7	TGL5
SGN1	PUB1
CHC1	AGE2
ARF1	RET2
TOM20	ALO1
MUP1	MEP3
NUP100	KAP95
PEP1	ATG27
DID2	DID2
YCR043C	RBD2
RPN3	RGA1
MUP1	TPO4
CYC8	TUP1
SNA3	TGL1
SIS1	LSP1
HSP42	PEX14
OSH2	UME1
DCP2	DCP2
PST2	WSC2
GCN1	RBG2
STE12	RPA49
KRE27	DAL5
PHO88	SOP4
RPC19	RPC40
YML018C	COT1
GPA2	MUP1
NSG1	HMG2
AMD1	AMD1
GPI8	GAA1
SAC6	CAP2
HXT1	COT1
SSH1	SCS7
ALO1	ADE4
PSA1	YNL045W
GOT1	RBD2
TPO2	PDR12
RVS161	GYL1
FMP45	SFK1
DHH1	YGR054W
PHO88	ORM2
FUI1	PDR12
VAC8	SNA3
VPS29	VPS5
GIN4	MID2
BAP2	SHR3
HHF2	HHT2
PCK1	ALO1
NHP2	RPA34
SIS1	SIS1
PEX19	PEX14
SWA2	CHC1
GUP1	MSC7
RPO41	SET5
PMC1	MRL1
KEX1	EMP70
CHC1	INP53
FTR1	DUR3
MRK1	LIA1
QCR9	PEX11
CHC1	SNC2
AAT2	ADE16
GPI8	GPI17
EHT1	ERG11
CCR4	CDC39
ARF1	ATG27
TFG2	SIP5
PSP2	DED1
YBL029C-A	GPX2
NOP7	NOC2
MOT2	CAF40
THO1	DBP2
HNM1	WSC2
VRP1	ARC18
TCB3	MEP3
PRE8	PRE10
YLR326W	LSP1
NDC1	NDC1
TCB3	TPO4
NMA1	NMA1
DNM1	ALO1
GCN1	ISR1
FTH1	YMR221C
CDC39	DEF1
OLE1	TPO4
MSC3	MSC3
DRS2	SEC7
RPN6	RPN5
DUR3	TPO1
SEC27	ADE17
YCL056C	COX7
ERP1	ERG26
EMP47	PMC1
PUF4	PUF4
GPA2	TCB3
RET2	YMR010W
SQT1	YNL067W-B
NOG2	TIF6
SEC27	YMR010W
GPX2	HNM1
DBP2	DBP2
ARF1	AKR1
ERV29	KRE27
FLC2	PST2
DOS2	YEH2
AUR1	RBD2
CAP2	ARC15
SSH1	ERG11
DNF1	CHS5
MSC7	SWP1
SLA2	LAS17
SHR3	DIP5
ATG27	YML018C
NAB2	NAB2
KRE27	SNA3
YGR106C	VMA6
SNZ1	SNZ1
VMA21	VMA6
VMA7	YGR106C
ERP1	ERV29
NSA2	NIP7
TVP15	KEX1
VMA7	VMA21
EHT1	YHR003C
RET2	SUR1
DHR2	UBP10
SLY1	RBD2
NUP159	NUP82
TPO2	YLR413W
SOP4	ORM2
OLE1	ILM1
DUR3	SFK1
MEH1	COT1
ERP1	MSC7
PEX30	PEX30
RAD30	MRH4
PRP43	PRP43
LSM2	LSM4
CHC1	SLA2
TPK1	TPK1
PST2	FLC1
RFS1	FMP45
SWH1	VAC8
IMD3	IMD3
GZF3	IRA2
ERV25	YDC1
VMA8	VMA6
SNA3	YJU3
DPP1	VMA13
ITR1	KEX1
FLC2	HNM1
REG1	SNF1
NDE2	YNL187W
VMA8	VMA7
COS7	PEX29
UTP4	UTP5
SSS1	MEC3
EHT1	GDI1
CAF40	CAF40
ARC40	RVS161
NCP1	PIS1
ARV1	ERR1
FTH1	KEX1
KEX1	PIN2
CDC39	NST1
PXR1	SRP40
PST2	PST2
FLC2	WSC2
AKR1	YMR010W
RER2	SLC1
SNQ2	TPO2
FTR1	SFK1
SEC61	SWP1
MUP1	TPO2
ERG25	KRE27
KEL1	KEL1
TVP23	RAD30
FUI1	MUP1
GPA2	SLM1
SLC1	ACF2
TCB3	RSN1
FMP45	YJL016W
YBL029C-A	QDR2
HXT1	MID2
SPO7	PET191
HNM1	SMI1
HNM1	FLC1
HIF1	HHT2
HNM1	LSP1
SHE3	SHE2
SLA1	END3
FPS1	MID2
EMP47	ERV29
LSM4	LSM4
ERP1	ERG25
FMP45	SVL3
SFK1	TPO1
YKL088W	PIS1
COG3	RBD2
PTC4	SPC3
PIB2	GTR1
HSP30	FMP45
VTA1	IST1
VPS21	MRS6
HNM1	QDR2
MID2	PPZ1
CHO2	ERG11
DPH5	EFT1
YPT6	MRS6
VMA7	MEH1
RPN11	RAS2
HHF1	ASF1
YGL108C	MID2
HNM1	HNM1
CTH1	GRX5
GTR2	COT1
DNF1	LSB3
YBR296C-A	LIN1
PEX11	PEX25
AYR1	PIS1
SRV2	ARC35
HXT5	PDR5
PIB2	MEH1
TPO2	TCB3
SRO9	NAP1
NUP192	NUP2
MID2	PDR12
WSC2	WSC2
PEX12	PEX11
MID2	DYN3
SPC1	SPC2
ATG20	TVP15
RPB5	GAR1
RSC58	UME1
FLC2	CHS3
SYP1	CDC11
SHS1	CDC11
GPI16	GAA1
YBR296C-A	RTT107
CHS5	YMR010W
PRP43	YRF1-7
PEX11	PEX11
GDI1	YPT7
YCR043C	AKR1
VPS68	COT1
RET2	AUR1
GAR1	YMR269W
SIS2	SWP1
SEC27	AUR1
YDJ1	YDJ1
CTK1	SPP382
NAM7	DCP2
INO1	HUG1
PHO88	SCS7
HXT1	PDR5
REB1	RIX7
ERG11	SPC1
ARC15	VRP1
YGR054W	DED1
PEX11	ARF3
RIM1	POP2
FES1	YCG1
GPA2	TPO3
ALO1	SIS1
RFS1	FTR1
YGR012W	ALO1
FMP45	ITR1
DBP1	DBP1
ALO1	UIP4
SFT2	NEO1
RER2	FAT1
ERV29	NDC1
HYR1	TPO3
AKR1	GOT1
HSP30	NHA1
NUP100	NUP116
PIN4	CDC39
MID2	LCB1
FTR1	FET3
GPI17	GPI16
SLA2	ARC35
PIS1	PIS1
CHS3	FLC1
SKI8	HRK1
MUP1	YGR130C
FAT1	ACF2
VAC8	HXT1
FLC2	SMI1
DOS2	TVP15
HSP30	DUR3
GCN1	TGL5
YBR255C-A	YKL037W
EHT1	YEH1
HUG1	ALO1
SLD3	GPX1
PBP1	CPR6
RFS1	TPO1
NKP2	IMD3
ARF1	SWP1
CHC1	APL4
END3	LAS17
HXT1	YVH1
RPN3	POX1
SPT10	SHR5
PRS3	PRS5
HOS3	HOS3
PHO88	SPC2
SSH1	VHS3
PHO88	SHR3
RIM11	RIM11
SEM1	ADE17
PDR5	PDR12
ERG11	EPT1
BCY1	TPK2
HHF1	FPR4
SNA4	VMA7
ERG3	ERG3
RFT1	IDI1
SPC1	SEC62
BAP2	RBD2
ERP1	ARF1
NHP2	GAR1
NOP7	CIC1
LSP1	FLC1
ARC19	HUG1
PHO88	ERG11
TPO2	SLM1
KAR4	CAF40
ATG27	VPS68
PIB2	GTR2
RPB5	SPT16
DYN3	NPR1
SNA4	PIB2
CBR1	ORM2
AKR1	AUR1
UBC13	CEM1
SHE3	SHE3
PEX19	PEX13
ERP1	ERG5
SRO9	PSA1
RFS1	SFK1
GDH2	AAT2
ERP1	PKR1
IMD4	RPB11
FMP45	WSC3
GPM2	HUG1
NHP2	EBP2
PHO88	COS4
FMP45	YLR454W
RRP5	NOC2
YVH1	PDR12
MTD1	MTD1
VAC8	GTR1
LOC1	PWP1
SSD1	SEC27
YPD1	SSK1
FAT1	EHT1
DOC1	YTA7
PTC1	NBP2
VPS45	KEX1
PPZ1	SWP1
THO1	THO1
PST2	MAM33
ORM2	SCS7
SSD1	DED1
FTH1	DPP1
AKR1	YCK1
GYL1	YNR065C
PEX25	PEX25
MUP1	MID2
BCY1	MSN4
NUP57	NUP57
QDR2	QDR2
TVP15	VPS5
DRS2	PIN2
MPT5	CAF40
VHS2	PPZ1
SSD1	PUB1
UBC13	TFG2
PAC10	YKE2
PSA1	ATX1
VAC8	MEH1
PHO88	SEC62
ARF1	RET3
SNA3	SEC21
SHR3	SOP4
PRO3	ATX1
YHR045W	DAP1
SRO9	DHH1
GAR1	NOC2
GPI17	GAA1
VPS52	COG3
DEF1	EAP1
DNF2	LEM3
RPO41	GAT2
LIA1	HSL1
RKI1	RKI1
KRE27	PDR12
ARF1	EMP47
PGM2	SNC2
HHO1	NHP6A
ITR1	FTR1
HSP30	SFK1
EPT1	CPT1
BZZ1	MYO5
PST2	YOR1
YBR255C-A	ABM1
FMP45	PKH2
RPN1	RPT1
ERG11	SOP4
SFT2	TVP15
AGP2	PMC1
ERV25	SWP1
ORM2	SPC2
KEX1	RBD2
LSM4	MPT5
SHR3	ORM2
CDC11	AAT2
HNM1	MAM33
QCR9	ALO1
PMC1	NCR1
KRE27	ERV25
TPO2	TPO3
EBP2	NOC2
SYP1	GPA2
CAF40	POP2
CGR1	EBP2
CGR1	RRS1
ASM4	NDC1
KRE27	RPA34
SDS23	MID2
GAR1	FPR4
ERG11	ORM2
MID2	TCB3
SNA3	ERG27
MID2	RTS1
STV1	VMA13
OLE1	MID2
AYT1	ERG5
ERP1	ERV25
DUR3	OSH7
YBR016W	PRP43
BSC1	YOL138C
SEC7	PIN2
YGR130C	SLM1
YKE2	GIM5
AKR1	COG3
PEP8	VPS17
KAP95	TAL1
TAF6	IDI1
HNM1	VHT1
PLM2	MEP1
SNQ2	PDR5
SEC66	SEC72
LSM3	DCP2
EXO84	SEC5
MUP1	PDR5
KTR7	ECM16
YMR221C	COT1
SFT2	FTH1
YCR043C	SWP1
HUG1	VPS21
HNM1	YOR1
FYV7	YMR293C
YBL059C-A	SLU7
SLA1	VRP1
FMP45	MEP3
TIP20	DEF1
FMP45	TPO4
CTK2	CTK3
TSC11	SRO7
NAP1	CKI1
CDC39	CDC36
SSS1	SLX8
TPO2	DIP5
YDR381C-A	ALO1
DHH1	LSM7
ARC18	HUG1
FMP45	GPA2
PEX17	PEX17
ASF2	MKC7
APM3	APL5
BRX1	NOC2
FCY1	FCY1
LSM3	NOT5
PMC1	PMC1
FMP45	HYR1
MUP1	YVH1
YCL056C	NCR1
CTK1	STU2
TCM10	YNR075C-A
ERV29	PIS1
SNA4	VAC8
DHH1	GIS2
PHO88	SEY1
SDS23	GCN1
BCY1	TIP41
MATALPHA1	KRE27
SEC26	RET3
BUD6	BUD6
WBP1	MSC7
CSL4	SKI7
MSC7	PIS1
ERV41	RBD2
CDC39	WHI3
SDS23	PDR5
ERP1	GOT1
ERV29	YKL088W
SKI8	RPO26
SAP155	ADE17
MHT1	TGL5
EMP47	ERV25
RIM1	PDR12
WHI4	NOT3
FTH1	VMA13
PEP1	PEP8
TPD3	PGM2
CRC1	ERR1
NUP82	NUP100
SLM1	MID2
MCX1	TAF14
YDR034W-B	AKR1
MOT3	HHO1
GAT1	URE2
ATG27	YMR221C
PHO88	VHS3
KEX1	KEX2
NHP2	DBP6
SVF1	PEX29
CDC39	DHH1
HUL5	NUF2
DHH1	LSM12
DUR3	MEP3
THR1	DNM1
LYS1	GIS2
AYR1	SNA3
HUG1	ADE17
NSA2	EBP2
MOT2	POP2
FAR7	CAF20
GPA2	DUR3
LPP1	YER113C
VPS35	VPS35
RET2	KEX1
PHO88	ILM1
DCC1	APC11
VRP1	LAS17
ERG25	ALG5
SEC27	KEX1
PHO88	STE24
RFS1	ITR1
GPI17	ERG11
EPT1	RBD2
ERG11	KES1
RBS1	RAD30
UBP6	ITC1
INO1	INO1
FTH1	SYG1
SDS24	SIC1
CRR1	LCB5
ALO1	LSP1
YPT31	GDI1
ERV25	UIP4
DOS2	RBD2
CAP2	ARC35
ENA2	PDR12
BEM1	SFK1
PHB1	KEL3
CCR4	SGT1
GAR1	UBP10
YDR119W	ATG27
PRP11	IPT1
ERV29	ERV29
YBR241C	ERG25
FTR1	TPO4
ERP1	ERP4
YOR1	FLC1
NUP57	NSP1
OLE1	KRE27
RIM1	YLR413W
RER2	TGL1
SNU114	UBP10
TPO1	TCB2
ERP1	SUR2
ERG25	ERG3
SNA3	SNA3
GPA2	FTR1
CHS3	CHS7
VPS24	SNF7
VPS64	ITT1
DEF1	WHI3
ALO1	ALO1
YBL029C-A	ARF1
TGL1	ACF2
CDC39	NOT3
PLM2	HNM1
LSM6	LSM8
ROM2	WSC2
TPO1	MEP3
PCT1	KRE9
DHH1	EDC2
RPA190	RPA135
ATG27	VPS16
DOP1	HXT1
STI1	STI1
LSM4	LSM3
YBL029C-A	HXT5
FMP45	TPO2
GDI1	SEC4
YOR1	YOR1
KEX1	VMA7
FUI1	FMP45
PLM2	WSC2
HSP30	ITR1
YDR352W	PMC1
YPT1	ALO1
ORM2	VHS3
VAC17	ATG18
GRX3	DRE2
BNI5	BNI5
MSH4	TEL2
RFS1	WSC3
ERG11	SCS7
PEP8	YMR010W
RIM1	MUP1
LYS21	LYS21
HNM1	HXT5
PST2	PPZ1
PXR1	PXR1
AKR1	KEX1
DHH1	DEF1
PST2	ADE17
SYP1	YAP1802
YBR296C-A	YKE2
YBL039W-A	GTT1
SIS2	PIS1
DOP1	YMR010W
PST2	YGL108C
PMC1	VPS35
DNF2	DNF1
YBL039W-A	HYR1
GPI18	KRE27
HSP30	CDC11
CHS3	DNF1
ARF1	PEX11
SFK1	MEP3
LHS1	PDE2
RPA190	RPO26
ERG25	YMR134W
BRE5	BRE5
ARC40	LSP1
YMR010W	SEC21
SFK1	TPO4
GGC1	UBC13
FLC2	DFG5
EHT1	TOM20
PAN2	DEF1
EMP47	VPS68
PRP43	RPA34
SLA1	LSB3
HTZ1	HHO1
PHO88	TPO2
HNM1	HXT1
NUP49	NUP57
YKL088W	SIS2
GPA2	SFK1
PST2	PDR12
ORM2	YNL190W
RER2	SWP1
EHT1	TGL1
SYP1	YGR130C
YPD1	RAX1
GAR1	HHO1
FTH1	TVP15
NUP49	NUP49
DID2	IST1
ERG11	SPC2
TIF4632	DED1
YCL021W-A	HDA3
SHR3	ERG11
HNM1	HXT2
SSL2	ADE16
SWH1	SWH1
MUP1	MEP1
HNM1	PPZ1
DID4	DID2
CCR4	NOT3
HSP30	STE20
DNF1	SMI1
SFT2	RBD2
RIM13	TFC7
SLC1	ERG7
RIM1	TCB3
HNM1	YGL108C
SRP14	MIM1
FLC2	PLM2
ASF1	HHT2
HNM1	YMR010W
SYP1	VRP1
RIM1	MHR1
TIF4632	PUB1
HSP30	YLR454W
HSP30	OSH7
ERG5	PIS1
RPN2	RPN13
IKI3	ELP4
GAR1	SRP40
MUP1	MSC3
IDI1	NUT2
YBR241C	ARF1
SNU56	MSH2
RIX7	MEC3
MOT2	LSM3
KEX1	CHS5
YGL108C	WSC2
PSP2	DBP1
HNM1	PDR12
ADK2	DUO1
APL6	APL5
VAC8	IML1
VPH1	VMA13
DNF1	DNF1
FMP45	YGR130C
GSY2	GDB1
COS4	ERG11
ARP2	INO1
ADE17	HCH1
BRX1	TIF6
PDR5	DIP5
ERG7	YEH1
BUD32	KAE1
MUP1	YLR326W
VRP1	ARC35
PLM2	FLC1
WSC2	PDR12
SPC2	SEC62
ATG18	VAC14
PEP1	PEP1
ENT3	APL4
SNF7	VTA1
FTR1	TPO2
SGF29	YGL262W
LSM2	LSM3
MEP1	TCB3
RFS1	MEP3
LPP1	LPP1
SIS2	SIS2
PST2	YLR413W
PPZ1	PIS1
SLC1	KES1
PLM2	QDR2
CDC39	LSM6
GPX2	PDR12
STU2	STU2
SYP1	MID2
ERG11	SEC62
SSL2	PGM2
RFS1	GPA2
KRE27	MED11
PIN4	CDC36
SNA3	VPS35
VPS38	MRL1
LSB3	LAS17
PST2	OSH6
YVH1	DIP5
TPO2	TPO1
STE11	URE2
SPP382	SKO1
ARC40	INP52
RPT2	RPT1
YKL088W	PPZ1
RFS1	HYR1
EBP2	RRP12
SFB3	SFB3
UTP8	UTP9
ARC18	ARC18
SHU1	ERG11
ARF1	QDR2
YVC1	YVC1
YPT7	MRS6
INO1	ALO1
RFT1	NDE2
SSH1	SWP1
ELP4	ELP4
ARF1	ARF1
SLK19	SLK19
NOT3	NST1
ERG11	CPT1
HXT5	QDR2
YLR326W	TCB3
YBL039W-A	MSP1
WBP1	ERV25
RPT1	RPT5
SEC7	KEX2
NGR1	PUB1
FAT1	ERG7
SLH1	YKR023W
ILM1	CUE4
DOP1	MUP1
ERV25	ALG5
SRP14	SRP72
ERV25	PIS1
EHT1	YJU3
PST2	MUP1
ERV29	MSC7
PRS1	PRS1
HNM1	YLR413W
HXT5	HXT5
DNF1	LEM3
GPA2	YJL016W
ARC40	TRP4
DOS2	AKR1
SWP1	DIP5
FMP45	MID2
ERG4	NSG1
HSP30	TPO4
TPO2	SFK1
ERP1	SSH1
ARF1	YPT1
BBC1	MID2
MAK21	NOC2
HXT1	QDR2
RPT6	RPT1
YBR241C	ERV25
PPZ1	FLC1
PPZ1	LSP1
HSP30	GPA2
SMB1	NEM1
YBL029C-A	MUP1
YKL171W	URE2
DYS1	SYT1
INP53	APL4
HXT1	HXT1
ERG3	ERV25
SFP1	MRS6
PCH2	SRP14
VPS60	SNF7
VPS35	VPS17
LSM4	YGR054W
STO1	CBC2
FPS1	FPS1
REI1	ARX1
RPC25	RPO31
DCS1	ADE17
CHS3	DTR1
SFT2	RET2
SSA3	IDI1
BAP2	RET3
APL6	CHS5
GLN3	URE2
SNQ2	HNM1
ARC40	ARP2
HNM1	MUP1
SSK1	SSK2
FTR1	YGR130C
PAC10	GIM3
YGL242C	MYO5
PPZ1	PPZ1
FAT1	KES1
SEC27	PGM2
NBP2	NAP1
MPT5	POP2
PST2	TCB3
ADE17	ADE17
VRP1	MYO5
SEC26	SMI1
BEM1	SEC5
RPT3	RPT1
YMR010W	YMR010W
ERG11	SEY1
ATG27	VPS5
MUP1	WSC2
TGL5	TGL5
BEM1	STE20
ERV29	SEC61
PAT1	DEF1
ARF1	LEM3
QDR2	PDR12
IKI1	ELP3
PMC1	YBT1
RRP5	RLP7
DEF1	PUB1
YCL056C	GGC1
OSH6	PIS1
PSA1	EFT2
FTH1	CTR2
LAC1	ALG5
YBL029C-A	SDS23
YBL029C-A	TCB3
FMP45	PDR5
ERG11	TPO4
SEL1	SEL1
SNM1	YLL033W
SEC6	SEC6
HOG1	RCK2
GPX2	MUP1
SLC1	ERG11
YCL056C	ASF2
GAR1	DBP2
YEF1	URE2
GTR1	GTR1
SFT2	ATG27
NUP49	NSP1
ERV25	ERV25
CHC1	YHB1
LOC1	NOC2
ERG11	GTT1
ERG11	VHS3
SDS23	HNM1
BUR6	YNR065C
ERG11	HYR1
HNM1	TCB3
RFS1	TPO2
PEP1	VPS35
SYP1	LSB3
RPA34	RPA34
FUI1	RFS1
SKI8	SKI8
EBP2	DBP2
FAA3	ALO1
ROD1	PIS1
TVP15	RBD2
MID2	MYO5
REI1	NAP1
PMC1	YML018C
YGR130C	SFK1
PMC1	HXT1
SFT2	AKR1
TCB3	WSC2
MEH1	MEH1
SKI8	STF2
RSC4	ARF3
PWP1	NOC2
GAL3	URE2
PRP43	GAR1
ARC40	ARC19
SSD1	LSM4
SLY1	GRH1
ERG11	ILM1
YSC84	CUE5
LOC1	FPR4
FTH1	VPH1
FTR1	MID2
KEX1	YMD8
ARP2	ARC18
END3	SLA2
YBL039W-A	TOM70
EBP2	RLP7
ERG11	STE24
NUP157	NUP159
STE7	SNO4
FLC2	MUP1
ERG25	SEC61
YBR296C-A	LGE1
PST2	SLM1
QDR2	YLR413W
YHR003C	GTT1
OSH7	TPO4
VMA6	VMA13
CHC1	SIS1
NUP82	NUP120
ARF2	ARF1
VMA8	PMC1
TPO1	MID2
VMA7	VMA13
UTP9	UTP15
GPA2	WSC3
GPA2	OSH7
YGR198W	EFR3
TCB3	PIS1
HSP30	TPO2
UTP5	UTP10
YCL056C	HIS2
ERP1	SPC1
KEX1	OPY2
DBP2	BRX1
PLM2	SNA3
DOS2	DNM1
SUR2	YKL088W
LSB3	YSC84
SEC7	CHS5
MUP1	FLC1
MUP1	LSP1
LAC1	LAC1
DPP1	VAC8
SAP155	TIP41
CAP2	SRV2
GPT2	ALG5
SGT1	CAF20
ARF1	ERV29
LRP1	DBP2
TIF4632	GFD1
OLE1	YKL088W
ACS1	YAT1
NIC96	NUP2
GRH1	SEC24
YGR054W	LSP1
ARF1	SNA3
ADH4	SWI6
PLM2	YOR1
HNM1	SLM1
SNQ2	QDR2
TPO1	RSA3
NHP2	NOP6
ERG11	PHO86
MUP1	QDR2
DBP3	GAR1
COX23	SWI6
ARF1	ALO1
